Unnamed: 0_level_0,recording detils,Unnamed: 2_level_0,Unnamed: 3_level_0,Resident information,Unnamed: 5_level_0,Unnamed: 6_level_0,Unnamed: 7_level_0,Unnamed: 8_level_0,Unnamed: 9_level_0,data information,Unnamed: 11_level_0,Unnamed: 12_level_0,Unnamed: 13_level_0,Unnamed: 14_level_0,Unnamed: 15_level_0,Unnamed: 16_level_0,Unnamed: 17_level_0,Unnamed: 18_level_0,Unnamed: 19_level_0,Unnamed: 20_level_0,Unnamed: 21_level_0,Unnamed: 22_level_0,Unnamed: 23_level_0,Unnamed: 24_level_0,Unnamed: 25_level_0,Unnamed: 26_level_0,Unnamed: 27_level_0,analysis information,Unnamed: 29_level_0,Unnamed: 30_level_0,Unnamed: 31_level_0,residency performance measures,Unnamed: 33_level_0,Unnamed: 34_level_0,Unnamed: 35_level_0
Unnamed: 0_level_1,Unnamed: 1_level_1,Unnamed: 2_level_1,Unnamed: 3_level_1,Unnamed: 4_level_1,Unnamed: 5_level_1,Unnamed: 6_level_1,Unnamed: 7_level_1,Unnamed: 8_level_1,Unnamed: 9_level_1,General camera,Unnamed: 11_level_1,Anesthesia Machine camera,Unnamed: 13_level_1,Cart RT,Unnamed: 15_level_1,Cart Center,Unnamed: 17_level_1,Patient Monitor,Unnamed: 19_level_1,Ventilator Monitor,Unnamed: 21_level_1,Vitals recording video,Unnamed: 23_level_1,monitor data,Unnamed: 25_level_1,injection port,Unnamed: 27_level_1,Unnamed: 28_level_1,Unnamed: 29_level_1,Unnamed: 30_level_1,Unnamed: 31_level_1,Unnamed: 32_level_1,Unnamed: 33_level_1,Unnamed: 34_level_1,Unnamed: 35_level_1
serial_number,recording_date,signature_ time,anesthesiologist,resident_attending,helper,helper_id,res_start_date,months_res_recording,months_res_today,General_seq_path_station,General_video_name,AM_seq_path_station,AM_video_name,CRT_seq_path_station,CRT_video_name,CC_seq_path_station,CC_video_name,PM_seq_path_nuc,PM_video_name,VM_seq_path_nuc,VM_video_name,VSrec_seq_path_nuc,VSrec_video_name,monitor_data_file,monitor_waveforms,injection_seq_path_nuc,injection_video_name,labeled,Label_by,missing_footage,include_in_analysis,Shlave_alef_pass_date,Shlave_bet_pass_date,minicex_scores,dops_scores
1,22_12_04,missing,TG2012,R,0,,12/30/1899,24.08,43.89,D:\ImagingSource_3\12-04-22_08-37-12.641.seq,DATA_22-12-04\ImagingSource3.mp4,,DATA_22-12-04\ImagingSource4.mp4,D:\ImagingSource_1\12-04-22_08-37-12.330.seq,DATA_22-12-04\ImagingSource1.mp4,D:\ImagingSource_2\12-04-22_08-37-12.472.seq,DATA_22-12-04\ImagingSource2.mp4,C:\Users\User\Documents\Sequences\Patient Monitor,DATA_22-12-04\Patient Monitor.mp4,C:\Users\User\Documents\Sequences\Ventilator Monitor\12-04-22_08-37-35.466.seq,DATA_22-12-04\Ventilator Monitor.mp4,,,,,,,,,1,0,,,,
2,22_12_05,missing,MA2201,R,0,,1/1/2022,11.1,30.88,D:\ImagingSource_3\12-05-22_08-26-09.661.seq,DATA_22-12-05\ImagingSource_3.avi,,DATA_22-12-05\ImagingSource_4.avi,D:\ImagingSource_1\12-05-22_08-26-09.678.seq,DATA_22-12-05\ImagingSource_1.avi,D:\ImagingSource_2\12-05-22_08-26-09.698.seq,,,,,,,,patdata_for_snJK-91001721_at_2022_12_05_13_51_37,0.0,,DATA_22-12-05\Basler.avi,1,Fadi,1,0,,,,
3,22_12_05,missing,MA2201,R,0,,1/1/2022,11.1,30.88,D:\ImagingSource_3\12-05-22_12-56-39.436.seq,,D:\ImagingSource_4,,D:\ImagingSource_1,,D:\ImagingSource_2,,C:\Users\User\Documents\Sequences\Patient Monitor\12-05-22_12-57-00.284.seq,,C:\Users\User\Documents\Sequences\Ventilator Monitor,,,,patdata_for_snJK-91001721_at_2022_12_05_15_01_56,1.0,,,,,1,0,,,,
4,22_12_07,missing,FM2010,R,0,,10/1/2020,26.19,45.9,D:\ImagingSource_3\12-07-22_07-15-22.975.seq,DATA_22-12-07\ImagingSource_3.mp4,D:\ImagingSource_4,DATA_22-12-07\ImagingSource_4.mp4,D:\ImagingSource_1,DATA_22-12-07\ImagingSource_1.mp4,D:\ImagingSource_2,DATA_22-12-07\ImagingSource_2.mp4,C:\Users\User\Documents\Sequences\Patient Monitor,DATA_22-12-07\patient_monitor.mp4,C:\Users\User\Documents\Sequences\Ventilator Monitor,DATA_22-12-07\ventilator_monitor.mp4,,,patdata_for_snJK-91001721_at_2022_12_07_12_40_47,1.0,,DATA_22-12-07\Basler.avi,1,Fadi,1,0,6/13/2023,,,
5,22_12_19,missing,FM2009,R,0,,9/1/2020,27.57,46.88,D:\ImagingSource_3\12-19-22_10-29-40.096.seq,,D:\ImagingSource_4,,D:\ImagingSource_1,,D:\ImagingSource_2,,C:\Users\User\Documents\Sequences\Patient Monitor,,C:\Users\User\Documents\Sequences\Ventilator Monitor,,,,patdata_for_snJK-91001721_at_2022_12_19_10_05_44,1.0,,,,,1,0,,,,
6,23_01_18,missing,MK0001,A,0,,1/1/2000,276.57,60.0,D:\ImagingSource_3\01-18-23_08-12-39.321.seq,DATA_23-01-18\case 1\GENERAL_3.avi,D:\ImagingSource_4,DATA_23-01-18\case 1\CART_LT_4.mp4,D:\ImagingSource_1,DATA_23-01-18\case 1\CART_RT_1.mp4,D:\ImagingSource_2,DATA_23-01-18\case 1\CART_Center_2.mp4,C:\Users\User\Documents\Sequences\Patient Monitor,DATA_23-01-18\case 1\Patient_Monitor.mp4,C:\Users\User\Documents\Sequences\Ventilator Monitor,DATA_23-01-18\case 1\Ventilator_Monitor.mp4,,,patdata_for_snJK-91001721_at_2023_01_18_17_14_07,0.0,,DATA_23-01-18\case 1\Basler.mp4, ,,1,0,,,,
7,23_01_18,missing,MK0001,A,0,,1/1/2000,276.57,60.0,D:\ImagingSource_3\01-18-23_11-34-28.153.seq,DATA_23-01-18\case 2\GENERAL_3.mp4,D:\ImagingSource_4,DATA_23-01-18\case 2\CART_LT_4.mp4,D:\ImagingSource_1,DATA_23-01-18\case 2\CART_RT_1.mp4,D:\ImagingSource_2,DATA_23-01-18\case 2\CART_Center_2.mp4,C:\Users\User\Documents\Sequences\Patient Monitor,DATA_23-01-18\case 2\Patient_Monitor.mp4,C:\Users\User\Documents\Sequences\Ventilator Monitor,DATA_23-01-18\case 2\Ventilator_Monitor.mp4,,,patdata_for_snJK-91001721_at_2023_01_18_17_14_07,0.0,,DATA_23-01-18\case 2\Basler.mp4,1,Fadi,1,0,,,,
8,23_01_22,missing,DS0001,A,0,,1/1/2000,276.7,60.0,E:\General_3\01-22-23_08-21-24.893.seq,,E:\Cart_LT_4,DATA_23-01-22\case 1\CART_LT_4.mp4,E:\Cart_RT_1,DATA_23-01-22\case 1\CART_RT_1.mp4,E:\Cart_Center_2,DATA_23-01-22\case 1\CART_Center_2.mp4,C:\Users\User\Documents\Sequences\Patient Monitor,DATA_23-01-22\case 1\Patient_Monitor.mp4,C:\Users\User\Documents\Sequences\Ventilator Monitor,DATA_23-01-22\case 1\Ventilator_Monitor.mp4,,,,,,DATA_23-01-22\case 1\Basler.avi,,,1,0,,,,
9,23_01_22,missing,DS0001,A,0,,1/1/2000,276.7,60.0,E:\General_3\01-22-23_12-54-04.850.seq,DATA_23-01-22\case 2\GENERAL_3.avi,E:\Cart_LT_4,DATA_23-01-22\case 2\CART_LT_4.mp4,E:\Cart_RT_1,DATA_23-01-22\case 2\CART_RT_1.avi,E:\Cart_Center_2,DATA_23-01-22\case 2\CART_CENTER_2.avi,C:\Users\User\Documents\Sequences\Patient Monitor,DATA_23-01-22\case 2\Patient_Monitor.mp4,C:\Users\User\Documents\Sequences\Ventilator Monitor,DATA_23-01-22\case 2\Ventilator_Monitor.mp4,,,,,,DATA_23-01-22\case 2\Basler.avi,,,1,0,,,,
10,23_02_05,missing,AS0001,A,1,intern,1/1/2000,277.16,60.0,E:\General_3\02-05-23_08-03-53.730.seq,,E:\Cart_LT_4,DATA_23-02-05\CART_LT_4.mp4,E:\Cart_RT_1,DATA_23-02-05\CART_RT_1.mp4,E:\Cart_Center_2,DATA_23-02-05\CART_Center_2.mp4,C:\Users\User\Documents\Sequences\Patient Monitor,DATA_23-02-05\Patient Monitor.mp4,C:\Users\User\Documents\Sequences\Ventilator Monitor,DATA_23-02-05\Ventilator Monitor.mp4,,,,,,DATA_23-02-05\Basler.mp4,,,1,0,,,,
11,23_02_06,missing,BS2109,R,1,student,9/1/2021,17.18,34.89,E:\General_3\02-06-23_07-45-48.107.seq,DATA_23-02-06\GENERAL_3.avi,E:\Cart_LT_4\02-06-23_07-45-48.052.seq,DATA_23-02-06\CART_LT_4.mp4,E:\Cart_RT_1\02-06-23_07-45-48.074.seq,DATA_23-02-06\CART_RT_1.mp4,E:\Cart_Center_2\02-06-23_07-45-48.154.seq,DATA_23-02-06\CART_Center_2.mp4,C:\Users\User\Documents\Sequences\Patient Monitor\02-06-23_07-48-13.181.seq,DATA_23-02-06\Patient_Monitor.mp4,C:\Users\User\Documents\Sequences\Ventilator Monitor\02-06-23_07-48-13.249.seq,DATA_23-02-06\Ventilator_Monitor.mp4,,,patdata_for_snJK-91001721_at_2023_02_06_16_08_43,0.0,,,1,Fadi,1,0,,,,
12,23_02_06,missing,BS2109,R,1,student,9/1/2021,17.18,34.89,E:\General_3\02-06-23_07-45-48.107.seq,DATA_23-02-06\GENERAL_3.avi,E:\Cart_LT_4\02-06-23_07-45-48.052.seq,DATA_23-02-06\CART_LT_4.mp4,E:\Cart_RT_1\02-06-23_07-45-48.074.seq,DATA_23-02-06\CART_RT_1.mp4,E:\Cart_Center_2\02-06-23_07-45-48.154.seq,DATA_23-02-06\CART_Center_2.mp4,C:\Users\User\Documents\Sequences\Patient Monitor\02-06-23_07-48-13.181.seq,DATA_23-02-06\Patient_Monitor.mp4,C:\Users\User\Documents\Sequences\Ventilator Monitor\02-06-23_07-48-13.249.seq,DATA_23-02-06\Ventilator_Monitor.mp4,,,patdata_for_snJK-91001721_at_2023_02_06_16_08_43,0.0,,,1,Fadi,1,0,,,,
13,23_02_07,missing,IP0001,A,0,,1/1/2000,277.23,60.0,E:\General_3\02-07-23_08-04-23.756.seq,,E:\Cart_LT_4\02-07-23_08-04-23.793.seq,,E:\Cart_RT_1\02-07-23_08-04-23.702.seq,,E:\Cart_Center_2\02-07-23_08-04-23.734.seq,DATA_23-02-07\CART_Center_2.mp4,C:\Users\User\Documents\Sequences\Patient Monitor\02-07-23_08-07-13.633.seq,DATA_23-02-07\Patient_Monitor.mp4,C:\Users\User\Documents\Sequences\Ventilator Monitor\02-07-23_08-07-13.654.seq,DATA_23-02-07\Ventilator_Monitor.mp4,,,,,,,,,1,0,,,,
14,23_02_07,missing,IP0001,A,0,,1/1/2000,277.23,60.0,E:\General_3\02-07-23_11-49-43.899.seq,,E:\Cart_LT_4,,E:\Cart_RT_1,,E:\Cart_Center_2,,C:\Users\User\Documents\Sequences\Patient Monitor,,C:\Users\User\Documents\Sequences\Ventilator Monitor,,,,,,,,,,1,0,,,,
15,23_02_07,missing,IP0001,A,0,,1/1/2000,277.23,60.0,E:\General_3\02-07-23_12-11-40.924.seq,,E:\Cart_LT_4,,E:\Cart_RT_1,,E:\Cart_Center_2,,C:\Users\User\Documents\Sequences\Patient Monitor,,C:\Users\User\Documents\Sequences\Ventilator Monitor,,,,,,,,1,Fadi,1,0,,,,
16,23_02_09,missing,BI2208,R,0,,8/1/2022,6.31,23.92,E:\General_3\02-09-23_07-54-59.441.seq,DATA_23-02-09\GENERAL_3.mp4,E:\Cart_LT_4,DATA_23-02-09\CART_LT_4.mp4,E:\Cart_RT_1,DATA_23-02-09\CART_RT_1.mp4,E:\Cart_Center_2,DATA_23-02-09\CART_Center_2.mp4,,,,,,,,,,,,,1,0,5/28/2024,,,
17,23_02_09,missing,BI2208,R,0,,8/1/2022,6.31,23.92,E:\General_3\02-09-23_11-31-27.349.seq,DATA_23-02-09\GENERAL_3.mp4,E:\Cart_LT_4\02-09-23_11-31-27.174.seq,DATA_23-02-09\CART_LT_4.mp4,E:\Cart_RT_1\02-09-23_11-31-27.155.seq,DATA_23-02-09\CART_RT_1.mp4,E:\Cart_Center_2\02-09-23_11-31-27.195.seq,DATA_23-02-09\CART_Center_2.mp4,,,,,,,,,,,1,Fadi,1,0,5/28/2024,,,
18,23_02_12,missing,MS2212,R,0,,12/1/2022,2.4,19.91,E:\General_3\02-12-23_08-19-47.280.seq,DATA_23-02-12\GENERAL_3.avi,E:\Cart_LT_4\02-12-23_08-19-47.118.seq,,E:\Cart_RT_1\02-12-23_08-19-47.380.seq,DATA_23-02-12\CART_RT_1.mp4,E:\Cart_Center_2\02-12-23_08-19-47.118.seq,DATA_23-02-12\CART_Center_2.mp4,C:\Users\User\Documents\Sequences\Patient Monitor\02-12-23_08-19-55.200.seq,DATA_23-02-12\Patient_Monitor.mp4,C:\Users\User\Documents\Sequences\Ventilator Monitor\02-12-23_08-19-55.136.seq,DATA_23-02-12\Ventilator_Monitor.mp4,,,patdata_for_snJK-91001721_at_2023_02_12_12_09_26,1.0,C:\Users\User\Documents\Sequences\ximea\02-12-23_08-19-55.231.seq,DATA_23-02-12\ximea.mp4,,,1,0,,,,
19,23_02_15,missing,BS2109,R,0,,9/1/2021,17.48,34.89,E:\General_3\02-15-23_12-31-27.715.seq,DATA_23-02-15\GENERAL_3.mp4,E:\Cart_LT_4\02-15-23_12-31-27.691.seq,DATA_23-02-15\CART_LT_4.mp4,E:\Cart_RT_1\02-15-23_12-31-27.668.seq,DATA_23-02-15\CART_RT_1.mp4,E:\Cart_Center_2\02-15-23_12-31-27.739.seq,DATA_23-02-15\CART_Center_2.mp4,C:\Users\User\Documents\Sequences\Patient Monitor\02-15-23_12-31-39.533.seq,DATA_23-02-15\Patient_Monitor.mp4,C:\Users\User\Documents\Sequences\Ventilator Monitor\02-15-23_12-31-39.395.seq,DATA_23-02-15\Ventilator_Monitor.mp4,,,,,,,,,1,0,,,,
20,23_02_16,missing,OS2302,R,1,RK,2/1/2023,0.49,17.87,E:\General_3\02-16-23_07-56-38.015.seq,DATA_23-02-16\GENERAL_3.mp4,E:\Cart_LT_4\02-16-23_07-56-37.919.seq,DATA_23-02-16\CART_LT_4.mp4,E:\Cart_RT_1\02-16-23_07-56-37.941.seq,DATA_23-02-16\CART_RT_1.mp4,E:\Cart_Center_2\02-16-23_07-56-37.969.seq,DATA_23-02-16\CART_Center_2.mp4,C:\Users\User\Documents\Sequences\Patient Monitor\02-16-23_07-56-50.970.seq,DATA_23-02-16\Patient Monitor.mp4,C:\Users\User\Documents\Sequences\Ventilator Monitor\02-16-23_07-56-50.939.seq,DATA_23-02-16\Ventilator Monitor.mp4,,,patdata_for_snJK-91001721_at_2023_02_16_11_28_20,1.0,C:\Users\User\Documents\Sequences\ximea\02-16-23_07-56-51.003.seq,DATA_23-02-16\ximea.mp4,,,1,0,,,,
21,23_02_19,missing,BI2208,R,1,intern,8/1/2022,6.64,23.92,E:\General_3\02-19-23_07-52-07.527.seq,DATA_23-02-19\GENERAL_3.mp4,E:\Cart_LT_4\02-19-23_07-52-07.544.seq,DATA_23-02-19\CART_LT_4.mp4,E:\Cart_RT_1\02-19-23_07-52-07.508.seq,DATA_23-02-19\CART_RT_1.mp4,E:\Cart_Center_2\02-19-23_07-52-07.478.seq,DATA_23-02-19\CART_Center_2.mp4,,,,,,,patdata_for_snJK-91001721_at_2023_02_19_12_42_46,1.0,,,,,1,0,5/28/2024,,,
22,23_02_20,missing,BS2109,R,0,,9/1/2021,17.64,34.89,E:\General_3\02-20-23_08-04-48.418.seq,DATA_23-02-20\GENERAL_3.mp4,E:\Cart_LT_4\02-20-23_08-04-48.343.seq,DATA_23-02-20\CART_LT_4.mp4,E:\Cart_RT_1\02-20-23_08-04-48.394.seq,DATA_23-02-20\CART_RT_1.mp4,E:\Cart_Center_2\02-20-23_08-04-48.368.seq,DATA_23-02-20\CART_Center_2.mp4,C:\Users\User\Documents\Sequences\Patient Monitor\02-20-23_08-05-12.504.seq,DATA_23-02-20\Patient Monitor.mp4,C:\Users\User\Documents\Sequences\Ventilator Monitor\02-20-23_08-05-12.476.seq,DATA_23-02-20\Ventilator Monitor.mp4,,,patdata_for_snJK-91001721_at_2023_02_20_14_03_07,1.0,,,,,1,0,,,,
23,23_02_23,missing,BI2208,R,0,,8/1/2022,6.77,23.92,E:\General_3\02-23-23_07-33-43.892.seq,DATA_23-02-23\case 1\GENERAL_3.avi,E:\Cart_LT_4\02-23-23_07-33-43.866.seq,DATA_23-02-23\case 1\CART_LT_4.mp4,E:\Cart_RT_1\02-23-23_07-33-43.796.seq,DATA_23-02-23\case 1\CART_RT_1.mp4,E:\Cart_Center_2\02-23-23_07-33-43.933.seq,DATA_23-02-23\case 1\CART_Center_2.mp4,C:\Users\User\Documents\Sequences\Patient Monitor\02-23-23_07-34-10.346.seq,DATA_23-02-23\case 1\Patient_Monitor.mp4,C:\Users\User\Documents\Sequences\Ventilator Monitor\02-23-23_07-34-10.284.seq,DATA_23-02-23\case 1\Ventilator_Monitor.mp4,,,patdata_for_snJK-91001721_at_2023_02_23_14_19_10,1.0,C:\Users\User\Documents\Sequences\ximea\02-23-23_07-34-10.393.seq,DATA_23-02-23\case 1\ximea.mp4,,,1,0,5/28/2024,,,
24,23_02_23,10_10,BI2208,R,0,,8/1/2022,6.77,23.92,E:\General_3\02-23-23_14-18-54.821.seq,DATA_23-02-23\case 2\GENERAL_3.avi,E:\Cart_LT_4\02-23-23_14-18-54.784.seq,DATA_23-02-23\case 2\CART_LT_4.mp4,E:\Cart_RT_1\02-23-23_14-18-54.755.seq,DATA_23-02-23\case 2\CART_RT_1.mp4,E:\Cart_Center_2\02-23-23_14-18-54.878.seq,DATA_23-02-23\case 2\CART_Center_2.mp4,C:\Users\User\Documents\Sequences\Patient Monitor\02-23-23_14-19-20.693.seq,DATA_23-02-23\case 2\Patient Monitor.mp4,C:\Users\User\Documents\Sequences\Ventilator Monitor\02-23-23_14-19-20.633.seq,DATA_23-02-23\case 2\Ventilator Monitor.mp4,,,patdata_for_snJK-91001721_at_2023_02_23_16_00_35,0.0,C:\Users\User\Documents\Sequences\ximea\02-23-23_14-19-20.743.seq,DATA_23-02-23\case 2\ximea.mp4,1,Fadi,1,0,5/28/2024,,,
25,23_02_28,missing,BI2208,R,0,,8/1/2022,6.93,23.92,E:\General_3\02-28-23_08-01-02.788.seq,DATA_23-02-28\GENERAL_3.avi,,DATA_23-02-28\CART_LT_4.mp4,,DATA_23-02-28\CART_RT_1.mp4,,DATA_23-02-28\CART_Center_2.mp4,,DATA_23-02-28\Patient_Monitor.mp4,C:\Users\User\Documents\Sequences\Ventilator Monitor,DATA_23-02-28\Ventilator_Monitor.mp4,,,,,,,,,1,0,5/28/2024,,,
26,23_07_09,12_20,IB0001,A,0,,1/1/2000,282.22,60.0,E:\General_3\07-09-23_12-39-21.seq,DATA_23-07-09\GENERAL_3.mp4,E:\Cart_LT_4\07-09-23_12-39-21.seq,DATA_23-07-09\CART_LT_4.mp4,E:\Cart_RT_1\07-09-23_12-39-21.seq,DATA_23-07-09\CART_RT_1.mp4,E:\Cart_Center_2\07-09-23_12-39-21.seq,DATA_23-07-09\CART_Center_2.mp4,C:\Users\User\Documents\Sequences\Patient Monitor\07-09-23_12-45-16.seq,,C:\Users\User\Documents\Sequences\Ventilator Monitor\07-09-23_12-45-16.seq,DATA_23-07-09\Ventilator Monitor.mp4,C:\Users\User\Documents\Sequences\Monitor\07-09-23_12-45-16.seq,DATA_23-07-09\Monitor.mp4,patdata_for_snJK-91001721_at_2023_07_09_15_02_44,1.0,,,,,1,0,,,,
27,23_08_09,08_00,MS2302,R,1,RAA1912,2/1/2023,6.21,17.87,E:\General_3\09-08-23_08-01-31.seq,DATA_23-08-09\GENERAL_3.mp4,E:\Cart_LT_4\08-09-23_08-01-32.seq,DATA_23-08-09\CART_LT_4.mp4,E:\Cart_RT_1\08-09-23_08-01-31.seq,DATA_23-08-09\CART_RT_1.mp4,E:\Cart_Center_2\08-09-23_08-01-31.seq,DATA_23-08-09\CART_Center_2.mp4,C:\Users\User\Documents\Sequences\Patient Monitor\08-09-23_08-08-35.seq,DATA_23-08-09\Patient Monitor.mp4,C:\Users\User\Documents\Sequences\Ventilator Monitor\08-09-23_08-08-35.seq,DATA_23-08-09\Ventilator Monitor.mp4,C:\Users\User\Documents\Sequences\Monitor\08-09-23_08-08-35.seq,DATA_23-08-09\Monitor.mp4,,,,,,,0,0,,,,
28,23_08_16,07_45,OR2211,R,1,student,11/1/2022,9.46,20.9,E:\General_3\08-16-23_07-58-37.seq,DATA_23-08-16\General_3.mp4,E:\Cart_LT_4\08-16-23_07-58-37.seq,DATA_23-08-16\CART_LT_4.mp4,E:\Cart_RT_1\08-16-23_07-58-37.seq,DATA_23-08-16\CART_RT_1.mp4,E:\Cart_Center_2\08-16-23_07-58-37.seq,DATA_23-08-16\CART_Center_2.mp4,C:\Users\User\Documents\Sequences\Patient Monitor\08-16-23_08-05-55.seq,DATA_23-08-16\Patient_Monitor.mp4,C:\Users\User\Documents\Sequences\Ventilator Monitor\08-16-23_08-05-55.seq,DATA_23-08-16\Ventilator_Monitor.mp4,,,,,,,,,1,0,,,,
29,23_09_04,08_15,AF2307,R,1,YD,7/1/2023,2.14,12.94,E:\General_3\09-04-23_08-07-17.seq,DATA_23-09-04\case 1\GENERAL_3.mp4,E:\Cart_LT_4\09-04-23_08-07-17.seq,DATA_23-09-04\case 1\CART_LT_4.mp4,E:\Cart_RT_1\09-04-23_08-07-17.seq,DATA_23-09-04\case 1\CART_RT_1.mp4,E:\Cart_Center_2\09-04-23_08-07-17.seq,DATA_23-09-04\case 1\CART_Center_2.mp4,C:\Users\User\Documents\Sequences\Patient Monitor\09-04-23_08-15-22.seq,DATA_23-09-04\case 1\Patient_Monitor.mp4,C:\Users\User\Documents\Sequences\Ventilator Monitor\09-04-23_08-15-22.seq,DATA_23-09-04\case 1\Ventilator_Monitor.mp4,C:\Users\User\Documents\Sequences\Monitor\09-04-23_08-15-22.seq,DATA_23-09-04\case 1\Monitor.mp4,,,,,,,0,0,,,,
30,23_09_04,09_50,AF2307,R,0,,7/1/2023,2.14,12.94,E:\General_3\09-04-23_09-54-35.seq,DATA_23-09-04\case 2\GENERAL_3.mp4,E:\Cart_LT_4\09-04-23_09-54-35.seq,DATA_23-09-04\case 2\CART_LT_4.mp4,E:\Cart_RT_1\09-04-23_09-54-35.seq,DATA_23-09-04\case 2\CART_RT_1.mp4,E:\Cart_Center_2\09-04-23_09-54-35.seq,DATA_23-09-04\case 2\CART_Center_2.mp4,C:\Users\User\Documents\Sequences\Patient Monitor\09-04-23_10-02-40.seq,DATA_23-09-04\case 2\Patient_Monitor.mp4,C:\Users\User\Documents\Sequences\Ventilator Monitor\09-04-23_10-02-40.seq,DATA_23-09-04\case 2\Ventilator_Monitor.mp4,C:\Users\User\Documents\Sequences\Monitor\09-04-23_10-02-40.seq,DATA_23-09-04\case 2\Monitor.mp4,,,,,,,0,1,,,,
31,23_09_04,12_30,AF2307,R,0,,7/1/2023,2.14,12.94,E:\General_3\09-04-23_12-40-19.seq,DATA_23-09-04\case 3\GENERAL_3\09-04-23_12-40-19 - frames 18394-125677.mp4,E:\Cart_LT_4\09-04-23_12-40-19.seq,DATA_23-09-04\case 3\Cart_LT_4\09-04-23_12-40-19 - frames 18394-125677.mp4,E:\Cart_RT_1\09-04-23_12-40-19.seq,DATA_23-09-04\case 3\Cart_RT_1\09-04-23_12-40-19 - frames 18394-125677.mp4,E:\Cart_Center_2\09-04-23_12-40-19.seq,DATA_23-09-04\case 3\Cart_Center_2\09-04-23_12-40-19 - frames 18394-125677.mp4,C:\Users\User\Documents\Sequences\Patient Monitor\09-04-23_12-48-24.seq,DATA_23-09-04\case 3\Patient_Monitor\09-04-23_12-48-24.mp4,C:\Users\User\Documents\Sequences\Ventilator Monitor\09-04-23_12-48-24.seq,,C:\Users\User\Documents\Sequences\Monitor\09-04-23_12-48-24.seq,,,,,,,,1,0,,,,
32,23_09_26,07_45,MS2302,R,0,,2/1/2023,7.79,17.87,E:\General_3\09-26-23_08-09-59.seq,DATA_23-09-26\General_3.mp4,E:\Cart_LT_4\09-26-23_08-09-59.seq,DATA_23-09-26\Cart_LT_4.mp4,E:\Cart_RT_1\09-26-23_08-09-59.seq,DATA_23-09-26\Cart_RT_1.mp4,E:\Cart_Center_2\09-26-23_08-09-59.seq,DATA_23-09-26\Cart_Center_2.mp4,C:\Users\User\Documents\Sequences\Patient Monitor\09-26-23_08-18-19.seq,DATA_23-09-26\Patient Monitor.mp4,C:\Users\User\Documents\Sequences\Ventilator Monitor\09-26-23_08-18-19.seq,DATA_23-09-26\Ventilator Monitor.mp4,C:\Users\User\Documents\Sequences\Monitor\09-26-23_08-18-19.seq,DATA_23-09-26\Monitor.mp4,patdata_for_snJK-91001721_at_2023_09_26_11_49_42,1.0,,,,,0,1,,,,
33,23_09_27,07_30,AF2307,R,1,MB,7/1/2023,2.89,12.94,E:\General_3\09-27-23_08-05-24.seq,DATA_23-09-27\case 1\General_3.mp4,E:\Cart_LT_4,DATA_23-09-27\case 1\Cart_LT_4.mp4,E:\Cart_RT_1,DATA_23-09-27\case 1\Cart_RT_1.mp4,E:\Cart_Center_2,DATA_23-09-27\case 1\Cart_Center_2.mp4,C:\Users\User\Documents\Sequences\Patient Monitor,,C:\Users\User\Documents\Sequences\Ventilator Monitor,,C:\Users\User\Documents\Sequences\Monitor,,patdata_for_snJK-91001721_at_2023_09_27_11_26_07,1.0,,,,,1,0,,,,
34,23_09_27,11_45,AF2307,R,0,,7/1/2023,2.89,12.94,E:\General_3\09-27-23_12-04-48.seq,DATA_23-09-27\case 2\General_3.mp4,E:\Cart_LT_4,DATA_23-09-27\case 2\Cart_LT_4.mp4,E:\Cart_RT_1,DATA_23-09-27\case 2\Cart_RT_1.mp4,E:\Cart_Center_2,DATA_23-09-27\case 2\Cart_Center_2.mp4,C:\Users\User\Documents\Sequences\Patient Monitor,DATA_23-09-27\case 2\Patient_Monitor.mp4,C:\Users\User\Documents\Sequences\Ventilator Monitor,DATA_23-09-27\case 2\Ventilator_Monitor.mp4,C:\Users\User\Documents\Sequences\Monitor,DATA_23-09-27\case 2\Monitor.mp4,patdata_for_snJK-91001721_at_2023_09_27_14_24_21,1.0,,,,,0,1,,,,
35,23_10_01,07_40,YN2302,R,0,,2/1/2023,7.95,17.87,E:\General_3\10-01-23_07-57-48.seq,DATA_23-10-01\General_3.mp4,E:\Cart_LT_4,DATA_23-10-01\Cart_LT_4.mp4,E:\Cart_RT_1,DATA_23-10-01\Cart_RT_1.mp4,E:\Cart_Center_2,DATA_23-10-01\Cart_Center_2.mp4,C:\Users\User\Documents\Sequences\Patient Monitor,DATA_23-10-01\Patient Monitor.mp4,C:\Users\User\Documents\Sequences\Ventilator Monitor,DATA_23-10-01\Ventilator Monitor.mp4,C:\Users\User\Documents\Sequences\Monitor,DATA_23-10-01\Monitor.mp4,patdata_for_snJK-91001721_at_2023_10_01_10_18_44,1.0,,,,,0,1,,,,
36,23_10_02,missing,YL2303,R,0,,3/1/2023,7.06,16.95,E:\General_3\10-02-23_07-57-10.seq,DATA_23-10-02\General_3.mp4,E:\Cart_LT_4,DATA_23-10-02\Cart_LT_4.mp4,E:\Cart_RT_1,DATA_23-10-02\Cart_RT_1.mp4,E:\Cart_Center_2,DATA_23-10-02\Cart_Center_2.mp4,C:\Users\User\Documents\Sequences\Patient Monitor,DATA_23-10-02\Patient Monitor.mp4,C:\Users\User\Documents\Sequences\Ventilator Monitor,,C:\Users\User\Documents\Sequences\Monitor,DATA_23-10-02\Monitor.mp4,patdata_for_snJK-91001721_at_2023_10_02_15_59_21,1.0,,,,,1,0,,,,
37,23_10_22,12_10,OS2302,R,0,,2/1/2023,8.64,17.87,E:\General_3\10-22-23_12-21-16.seq,DATA_23-10-22\General_3.mp4,E:\Cart_LT_4,DATA_23-10-22\Cart_LT_4.mp4,E:\Cart_RT_1,DATA_23-10-22\Cart_RT_1.mp4,E:\Cart_Center_2,DATA_23-10-22\Cart_Center_2.mp4,C:\Users\User\Documents\Sequences\Patient Monitor,DATA_23-10-22\Patient Monitor.mp4,C:\Users\User\Documents\Sequences\Ventilator Monitor,DATA_23-10-22\Ventilator Monitor.mp4,C:\Users\User\Documents\Sequences\Monitor,DATA_23-10-22\Monitor.mp4,patdata_for_snJK-91001721_at_2023_10_22_14_49_20,1.0,,DATA_23-10-22\Ximea.mp4,,,0,1,,,,
38,23_10_25,07_55,FM2010,R,0,,10/1/2020,36.76,45.9,E:\General_3\10-25-23_07-54-52.seq,DATA_23-10-25\General_3.mp4,E:\Cart_LT_4,DATA_23-10-25\Cart_LT_4.mp4,E:\Cart_RT_1,DATA_23-10-25\Cart_RT_1.mp4,E:\Cart_Center_2,DATA_23-10-25\Cart_Center_2.mp4,C:\Users\User\Documents\Sequences\Patient Monitor,,C:\Users\User\Documents\Sequences\Ventilator Monitor,,C:\Users\User\Documents\Sequences\Monitor,,,,,,,,1,0,6/13/2023,,,
39,23_10_25,10_45,FM2010,R,0,,10/1/2020,36.76,45.9,E:\General_3\10-25-23_07-54-52.seq,DATA_23-10-25\General_3.mp4,E:\Cart_LT_4,DATA_23-10-25\Cart_LT_4.mp4,E:\Cart_RT_1,DATA_23-10-25\Cart_RT_1.mp4,E:\Cart_Center_2,DATA_23-10-25\Cart_Center_2.mp4,C:\Users\User\Documents\Sequences\Patient Monitor,,C:\Users\User\Documents\Sequences\Ventilator Monitor,,C:\Users\User\Documents\Sequences\Monitor,,,,,,,,1,0,6/13/2023,,,
40,23_10_25,13_03,FM2010,R,0,,10/1/2020,36.76,45.9,E:\General_3\10-25-23_07-54-52.seq,DATA_23-10-25\General_3.mp4,E:\Cart_LT_4,DATA_23-10-25\Cart_LT_4.mp4,E:\Cart_RT_1,DATA_23-10-25\Cart_RT_1.mp4,E:\Cart_Center_2,DATA_23-10-25\Cart_Center_2.mp4,C:\Users\User\Documents\Sequences\Patient Monitor,,C:\Users\User\Documents\Sequences\Ventilator Monitor,,C:\Users\User\Documents\Sequences\Monitor,,,,,,,,1,0,6/13/2023,,,
41,23_11_08,07_30,FM2010,R,0,,10/1/2020,37.22,45.9,E:\General_3\11-08-23_07-33-25.seq,DATA_23-11-08\General_3.mp4,E:\Cart_LT_4,DATA_23-11-08\Cart_LT_4.mp4,E:\Cart_RT_1,DATA_23-11-08\Cart_RT_1.mp4,E:\Cart_Center_2,DATA_23-11-08\Cart_Center_2.mp4,C:\Users\User\Documents\Sequences\Patient Monitor,,C:\Users\User\Documents\Sequences\Ventilator Monitor,,C:\Users\User\Documents\Sequences\Monitor,,,,,,,,1,0,6/13/2023,,,
42,23_11_19,missing,MB2205,R,0,,5/1/2022,18.63,26.94,E:\General_3\11-19-23_08-43-18.seq,DATA_23-11-19\General_3.mp4,E:\Cart_LT_4,DATA_23-11-19\Cart_LT_4.mp4,E:\Cart_RT_1,DATA_23-11-19\Cart_RT_1.mp4,E:\Cart_Center_2,DATA_23-11-19\Cart_Center_2.mp4,C:\Users\User\Documents\Sequences\Patient Monitor,DATA_23-11-19\Patient Monitor.mp4,C:\Users\User\Documents\Sequences\Ventilator Monitor,DATA_23-11-19\Ventilator Monitor.mp4,C:\Users\User\Documents\Sequences\Monitor,DATA_23-11-19\Monitor.mp4,,,,DATA_23-11-19\Ximea.mp4,,,0,0,,,,
43,23_11_19,09_05,MB2205,R,1,AS,5/1/2022,18.63,26.94,E:\General_3\11-19-23_10-10-51.seq,,E:\Cart_LT_4,11-19-23_10-10-51,E:\Cart_RT_1,11-19-23_10-10-51,E:\Cart_Center_2,11-19-23_10-10-51,C:\Users\User\Documents\Sequences\Patient Monitor,11-19-23_10-20-31,C:\Users\User\Documents\Sequences\Ventilator Monitor,11-19-23_10-10-51,C:\Users\User\Documents\Sequences\Monitor,11-19-23_10-10-51,patdata_for_snJK-91001721_at_2023_11_19_14_53_47,1.0,,,,,1,0,,,,
44,23_11_26,07_40,FM2010,R,1,BM,10/1/2020,37.82,45.9,E:\General_3\11-26-23_07-55-47.seq,DATA_23-11-26\General_3.mp4,E:\Cart_LT_4,DATA_23-11-26\Cart_LT_4.mp4,E:\Cart_RT_1,DATA_23-11-26\Cart_RT_1.mp4,E:\Cart_Center_2,DATA_23-11-26\Cart_Center_2.mp4,C:\Users\User\Documents\Sequences\Patient Monitor,DATA_23-11-26\Patient Monitor.mp4,C:\Users\User\Documents\Sequences\Ventilator Monitor,DATA_23-11-26\Ventilator Monitor.mp4,C:\Users\User\Documents\Sequences\Monitor,DATA_23-11-26\Monitor.mp4,patdata_for_snJK-91001721_at_2023_11_26_11_18_34,1.0,,DATA_23-11-26\Ximea.mp4,,,0,0,6/13/2023,,,
45,23_12_10,09_15,RA2309,R,0,,9/1/2023,3.29,10.91,E:\General_3\12-10-23_09-29-31.seq,DATA_23-12-10\General_3.mp4,E:\Cart_LT_4,DATA_23-12-10\Cart_LT_4.mp4,E:\Cart_RT_1,DATA_23-12-10\Cart_RT_1.mp4,E:\Cart_Center_2,DATA_23-12-10\Cart_Center_2.mp4,C:\Users\User\Documents\Sequences\Patient Monitor,,C:\Users\User\Documents\Sequences\Ventilator Monitor,,C:\Users\User\Documents\Sequences\Monitor,,patdata_for_snJK-91001721_at_2023_12_10_14_16_14,0.0,,,,,1,0,,,,
46,24_01_01,missing,DZ1912,R,0,,12/1/2019,49.02,55.92,E:\General_3\01-01-24_07-55-00.seq,D:\Room_8_recordings\DATA_24-01-01\case 1\GENERAL_3.mp4,E:\Cart_LT_4,D:\Room_8_recordings\DATA_24-01-01\case 1\CART_LT_4.mp4,E:\Cart_RT_1,D:\Room_8_recordings\DATA_24-01-01\case 1\CART_RT_1.mp4,E:\Cart_Center_2,D:\Room_8_recordings\DATA_24-01-01\case 1\CART_center_2.mp4,C:\Users\User\Documents\Sequences\Patient Monitor,D:\Room_8_recordings\DATA_24-01-01\case 1\Patient_Monitor.mp4,C:\Users\User\Documents\Sequences\Ventilator Monitor,D:\Room_8_recordings\DATA_24-01-01\case 1\Ventilator_Monitor.mp4,C:\Users\User\Documents\Sequences\Monitor,D:\Room_8_recordings\DATA_24-01-01\case 1\Monitor.mp4,,,,,,,0,0,,,,
47,24_01_01,10_50,DZ1912,R,0,,12/1/2019,49.02,55.92,E:\General_3\01-01-24_09-46-09.seq,D:\Room_8_recordings\DATA_24-01-01\case 2\GENERAL_3.mp4,E:\Cart_LT_4,D:\Room_8_recordings\DATA_24-01-01\case 2\CART_LT_4.mp4,E:\Cart_RT_1,D:\Room_8_recordings\DATA_24-01-01\case 2\CART_RT_1.mp4,E:\Cart_Center_2,D:\Room_8_recordings\DATA_24-01-01\case 2\CART_center_2.mp4,C:\Users\User\Documents\Sequences\Patient Monitor,,C:\Users\User\Documents\Sequences\Ventilator Monitor,,C:\Users\User\Documents\Sequences\Monitor,,,,,,,,1,0,,,,
48,24_01_01,12_10,DZ1912,R,0,,12/1/2019,49.02,55.92,E:\General_3\01-01-24_12-04-13.seq,D:\Room_8_recordings\DATA_24-01-01\case 3\GENERAL_3.mp4,E:\Cart_LT_4,D:\Room_8_recordings\DATA_24-01-01\case 3\CART_LT_4.mp4,E:\Cart_RT_1,D:\Room_8_recordings\DATA_24-01-01\case 3\CART_RT_1.mp4,E:\Cart_Center_2,D:\Room_8_recordings\DATA_24-01-01\case 3\CART_center_2.mp4,C:\Users\User\Documents\Sequences\Patient Monitor,D:\Room_8_recordings\DATA_24-01-01\case 3\Patient_Monitor.mp4,C:\Users\User\Documents\Sequences\Ventilator Monitor,,C:\Users\User\Documents\Sequences\Monitor,D:\Room_8_recordings\DATA_24-01-01\case 3\Monitor.mp4,,,,,,,1,0,,,,
49,24_01_07,missing,RA2309,R,0,,9/1/2023,4.21,10.91,E:\General_3\01-07-24_07-41-09.seq,D:\Room_8_recordings\DATA_24-01-07\GENERAL_3.mp4,E:\Cart_LT_4,D:\Room_8_recordings\DATA_24-01-07\CART_LT_4.mp4,E:\Cart_RT_1,D:\Room_8_recordings\DATA_24-01-07\CART_RT_1.mp4,E:\Cart_Center_2,D:\Room_8_recordings\DATA_24-01-07\CART_center_2.mp4,C:\Users\User\Documents\Sequences\Patient Monitor,D:\Room_8_recordings\DATA_24-01-07\Patient_Monitor.mp4,C:\Users\User\Documents\Sequences\Ventilator Monitor,D:\Room_8_recordings\DATA_24-01-07\Ventilator_Monitor.mp4,C:\Users\User\Documents\Sequences\Monitor,D:\Room_8_recordings\DATA_24-01-07\Monitor.mp4,patdata_for_snJK-91001721_at_2024_01_07_10_57_16,1.0,,,,,0,0,,,,
50,24_01_08,07_45,MA2201,R,0,,1/1/2022,24.21,30.88,E:\General_3\01-08-24_08-05-07.seq,D:\Room_8_recordings\DATA_24-01-08\case 1\GENERAL_3.mp4,E:\Cart_LT_4,D:\Room_8_recordings\DATA_24-01-08\case 1\CART_LT_4.mp4,E:\Cart_RT_1,D:\Room_8_recordings\DATA_24-01-08\case 1\CART_RT_1.mp4,E:\Cart_Center_2,D:\Room_8_recordings\DATA_24-01-08\case 1\CART_center_2.mp4,C:\Users\User\Documents\Sequences\Patient Monitor,D:\Room_8_recordings\DATA_24-01-08\case 1\Patient_Monitor.mp4,C:\Users\User\Documents\Sequences\Ventilator Monitor,D:\Room_8_recordings\DATA_24-01-08\case 1\Ventilator_Monitor.mp4,C:\Users\User\Documents\Sequences\Monitor,D:\Room_8_recordings\DATA_24-01-08\case 1\Monitor.mp4,patdata_for_snJK-91001721_at_2024_01_08_10_13_54,1.0,,,,,0,1,,,,
51,24_01_08,10_00,MA2201,R,0,,1/1/2022,24.21,30.88,E:\General_3\01-08-24_10-36-49.seq,D:\Room_8_recordings\DATA_24-01-08\case 2\GENERAL_3.mp4,E:\Cart_LT_4,D:\Room_8_recordings\DATA_24-01-08\case 2\CART_LT_4.mp4,E:\Cart_RT_1,D:\Room_8_recordings\DATA_24-01-08\case 2\CART_RT_1.mp4,E:\Cart_Center_2,D:\Room_8_recordings\DATA_24-01-08\case 2\CART_center_2.mp4,C:\Users\User\Documents\Sequences\Patient Monitor,D:\Room_8_recordings\DATA_24-01-08\case 2\Patient_Monitor.mp4,C:\Users\User\Documents\Sequences\Ventilator Monitor,D:\Room_8_recordings\DATA_24-01-08\case 2\Ventilator_Monitor.mp4,C:\Users\User\Documents\Sequences\Monitor,D:\Room_8_recordings\DATA_24-01-08\case 2\Monitor.mp4,patdata_for_snJK-91001721_at_2024_01_08_13_36_08,1.0,,,,,0,1,,,,
52,24_01_10,missing,EB2304,R,0,,4/1/2023,9.33,15.93,E:\General_3\01-10-24_08-09-53.seq,D:\Room_8_recordings\DATA_24-01-10\case 1\GENERAL_3.mp4,E:\Cart_LT_4,D:\Room_8_recordings\DATA_24-01-10\case 1\CART_LT_4.mp4,E:\Cart_RT_1,D:\Room_8_recordings\DATA_24-01-10\case 1\CART_RT_1.mp4,E:\Cart_Center_2,D:\Room_8_recordings\DATA_24-01-10\case 1\CART_center_2.mp4,C:\Users\User\Documents\Sequences\Patient Monitor,D:\Room_8_recordings\DATA_24-01-10\case 1\Patient_Monitor.mp4,C:\Users\User\Documents\Sequences\Ventilator Monitor,D:\Room_8_recordings\DATA_24-01-10\case 1\Ventilator_Monitor.mp4,C:\Users\User\Documents\Sequences\Monitor,D:\Room_8_recordings\DATA_24-01-10\case 1\Monitor.mp4,,,,,,,0,0,,,,
53,24_01_10,missing,EB2304,R,0,,4/1/2023,9.33,15.93,E:\General_3\01-10-24_12-22-27.seq,D:\Room_8_recordings\DATA_24-01-10\case 2\GENERAL_3.mp4,E:\Cart_LT_4,D:\Room_8_recordings\DATA_24-01-10\case 2\CART_LT_4.mp4,E:\Cart_RT_1,D:\Room_8_recordings\DATA_24-01-10\case 2\CART_RT_1.mp4,E:\Cart_Center_2,D:\Room_8_recordings\DATA_24-01-10\case 2\CART_center_2.mp4,C:\Users\User\Documents\Sequences\Patient Monitor,D:\Room_8_recordings\DATA_24-01-10\case 2\Patient_Monitor.mp4,C:\Users\User\Documents\Sequences\Ventilator Monitor,D:\Room_8_recordings\DATA_24-01-10\case 2\Ventilator_Monitor.mp4,C:\Users\User\Documents\Sequences\Monitor,D:\Room_8_recordings\DATA_24-01-10\case 2\Monitor.mp4,patdata_for_snJK-91001721_at_2024_01_10_12_21_11,1.0,,,,,0,0,,,,
54,24_02_06,08_00,BS2109,R,0,,9/1/2021,29.18,34.89,E:\General_3\02-06-24_08-00-24.seq,D:\Room_8_recordings\DATA_24-02-06\GENERAL_3.mp4,E:\Cart_LT_4,D:\Room_8_recordings\DATA_24-02-06\CART_LT_4.mp4,E:\Cart_RT_1,D:\Room_8_recordings\DATA_24-02-06\CART_RT_1.mp4,E:\Cart_Center_2,D:\Room_8_recordings\DATA_24-02-06\CART_center_2.mp4,C:\Users\User\Documents\Sequences\Patient Monitor,D:\Room_8_recordings\DATA_24-02-06\Patient_Monitor.mp4,C:\Users\User\Documents\Sequences\Ventilator Monitor,D:\Room_8_recordings\DATA_24-02-06\Ventilator_Monitor.mp4,C:\Users\User\Documents\Sequences\Monitor,D:\Room_8_recordings\DATA_24-02-06\Monitor.mp4,patdata_for_snJK-91001721_at_2024_02_06_11_04_55,1.0,,,,,0,1,,,,
55,24_02_08,07_45,EB2304,R,0,,4/1/2023,10.28,15.93,E:\General_3\02-08-24_08-08-08.seq,D:\Room_8_recordings\DATA_24-02-08\case 1\GENERAL_3.mp4,E:\Cart_LT_4,D:\Room_8_recordings\DATA_24-02-08\case 1\CART_LT_4.mp4,E:\Cart_RT_1,D:\Room_8_recordings\DATA_24-02-08\case 1\CART_RT_1.mp4,E:\Cart_Center_2,D:\Room_8_recordings\DATA_24-02-08\case 1\CART_center_2.mp4,C:\Users\User\Documents\Sequences\Patient Monitor,D:\Room_8_recordings\DATA_24-02-08\case 1\Patient_Monitor.mp4,C:\Users\User\Documents\Sequences\Ventilator Monitor,D:\Room_8_recordings\DATA_24-02-08\case 1\Ventilator_Monitor.mp4,C:\Users\User\Documents\Sequences\Monitor,D:\Room_8_recordings\DATA_24-02-08\case 1\Monitor.mp4,patdata_for_snJK-91001721_at_2024_02_08_12_56_58,1.0,,,,,0,1,,,,
56,24_02_08,13_00,EB2304,R,0,,4/1/2023,10.28,15.93,E:\General_3\02-08-24_13-02-20.seq,D:\Room_8_recordings\DATA_24-02-08\case 2\GENERAL_3.mp4,E:\Cart_LT_4,D:\Room_8_recordings\DATA_24-02-08\case 2\CART_LT_4.mp4,E:\Cart_RT_1,D:\Room_8_recordings\DATA_24-02-08\case 2\CART_RT_1.mp4,E:\Cart_Center_2,D:\Room_8_recordings\DATA_24-02-08\case 2\CART_center_2.mp4,C:\Users\User\Documents\Sequences\Patient Monitor,D:\Room_8_recordings\DATA_24-02-08\case 2\Patient_Monitor.mp4,C:\Users\User\Documents\Sequences\Ventilator Monitor,D:\Room_8_recordings\DATA_24-02-08\case 2\Ventilator_Monitor.mp4,C:\Users\User\Documents\Sequences\Monitor,D:\Room_8_recordings\DATA_24-02-08\case 2\Monitor.mp4,patdata_for_snJK-91001721_at_2024_02_08_16_02_14,1.0,,,,,0,1,,,,
57,24_02_12,07_30,BS2109,R,0,,9/1/2021,29.37,34.89,E:\General_3\02-12-24_08-03-39.seq,D:\Room_8_recordings\DATA_24-02-12\GENERAL_3.mp4,E:\Cart_LT_4,D:\Room_8_recordings\DATA_24-02-12\CART_LT_4.mp4,E:\Cart_RT_1,D:\Room_8_recordings\DATA_24-02-12\CART_RT_1.mp4,E:\Cart_Center_2,D:\Room_8_recordings\DATA_24-02-12\CART_center_2.mp4,C:\Users\User\Documents\Sequences\Patient Monitor,D:\Room_8_recordings\DATA_24-02-12\Patient_Monitor.mp4,C:\Users\User\Documents\Sequences\Ventilator Monitor,,C:\Users\User\Documents\Sequences\Monitor,D:\Room_8_recordings\DATA_24-02-12\Monitor.mp4,patdata_for_snJK-91001721_at_2024_02_12_10_56_50,1.0,,,,,1,0,,,,
58,24_02_14,07_54,IP0001,A,0,,1/1/2000,289.45,60.0,E:\General_3\02-14-24_08-05-55.seq,D:\Room_8_recordings\DATA_24-02-14\GENERAL_3.mp4,E:\Cart_LT_4,D:\Room_8_recordings\DATA_24-02-14\CART_LT_4.mp4,E:\Cart_RT_1,D:\Room_8_recordings\DATA_24-02-14\CART_RT_1.mp4,E:\Cart_Center_2,D:\Room_8_recordings\DATA_24-02-14\CART_center_2.mp4,C:\Users\User\Documents\Sequences\Patient Monitor,D:\Room_8_recordings\DATA_24-02-14\Patient_Monitor.mp4,C:\Users\User\Documents\Sequences\Ventilator Monitor,D:\Room_8_recordings\DATA_24-02-14\Ventilator_Monitor.mp4,C:\Users\User\Documents\Sequences\Monitor,D:\Room_8_recordings\DATA_24-02-14\Monitor.mp4,patdata_for_snJK-91001721_at_2024_02_14_12_24_59,1.0,,,,,0,1,,,,
59,24_02_15,08_20,RK0001,A,0,,1/1/2000,289.48,60.0,E:\General_3\02-15-24_08-38-43.seq,D:\Room_8_recordings\DATA_24-02-15\case 1\GENERAL_3.mp4,E:\Cart_LT_4,D:\Room_8_recordings\DATA_24-02-15\case 1\CART_LT_4.mp4,E:\Cart_RT_1,D:\Room_8_recordings\DATA_24-02-15\case 1\CART_RT_1.mp4,E:\Cart_Center_2,D:\Room_8_recordings\DATA_24-02-15\case 1\CART_center_2.mp4,C:\Users\User\Documents\Sequences\Patient Monitor,D:\Room_8_recordings\DATA_24-02-15\case 1\Patient_Monitor.mp4,C:\Users\User\Documents\Sequences\Ventilator Monitor,D:\Room_8_recordings\DATA_24-02-15\case 1\Ventilator_Monitor.mp4,C:\Users\User\Documents\Sequences\Monitor,D:\Room_8_recordings\DATA_24-02-15\case 1\Monitor.mp4,patdata_for_snJK-91001721_at_2024_02_15_12_43_22,0.0,,,,,0,1,,,,
60,24_02_15,11_01,RK0001,A,0,,1/1/2000,289.48,60.0,E:\General_3\02-15-24_11-01-36.seq,D:\Room_8_recordings\DATA_24-02-15\case 2\GENERAL_3.mp4,E:\Cart_LT_4,D:\Room_8_recordings\DATA_24-02-15\case 2\CART_LT_4.mp4,E:\Cart_RT_1,D:\Room_8_recordings\DATA_24-02-15\case 2\CART_RT_1.mp4,E:\Cart_Center_2,D:\Room_8_recordings\DATA_24-02-15\case 2\CART_center_2.mp4,C:\Users\User\Documents\Sequences\Patient Monitor,D:\Room_8_recordings\DATA_24-02-15\case 2\Patient_Monitor.mp4,C:\Users\User\Documents\Sequences\Ventilator Monitor,D:\Room_8_recordings\DATA_24-02-15\case 2\Ventilator_Monitor.mp4,C:\Users\User\Documents\Sequences\Monitor,D:\Room_8_recordings\DATA_24-02-15\case 2\Monitor.mp4,patdata_for_snJK-91001721_at_2024_02_15_12_42_51,1.0,,,,,0,1,,,,
61,24_02_15,12_45,RK0001,A,0,,1/1/2000,289.48,60.0,E:\General_3\02-15-24_12-48-14.seq,D:\Room_8_recordings\DATA_24-02-15\case 3\GENERAL_3.mp4,E:\Cart_LT_4,D:\Room_8_recordings\DATA_24-02-15\case 3\CART_LT_4.mp4,E:\Cart_RT_1,D:\Room_8_recordings\DATA_24-02-15\case 3\CART_RT_1.mp4,E:\Cart_Center_2,D:\Room_8_recordings\DATA_24-02-15\case 3\CART_center_2.mp4,C:\Users\User\Documents\Sequences\Patient Monitor,D:\Room_8_recordings\DATA_24-02-15\case 3\Patient_Monitor.mp4,C:\Users\User\Documents\Sequences\Ventilator Monitor,D:\Room_8_recordings\DATA_24-02-15\case 3\Ventilator_Monitor.mp4,C:\Users\User\Documents\Sequences\Monitor,D:\Room_8_recordings\DATA_24-02-15\case 3\Monitor.mp4,patdata_for_snJK-91001721_at_2024_02_15_14_38_22,1.0,,,,,0,1,,,,
62,24_02_20,07_35,BS2109,R,0,,9/1/2021,29.64,34.89,E:\General_3\02-20-24_09-56-41.seq,D:\Room_8_recordings\DATA_24-02-25\GENERAL_3.mp4,E:\Cart_LT_4,D:\Room_8_recordings\DATA_24-02-20\CART_LT_4.mp4,E:\Cart_RT_1,D:\Room_8_recordings\DATA_24-02-20\CART_RT_1.mp4,E:\Cart_Center_2,D:\Room_8_recordings\DATA_24-02-20\CART_center_2.mp4,C:\Users\User\Documents\Sequences\Patient Monitor,D:\Room_8_recordings\DATA_24-02-20\Patient_Monitor.mp4,C:\Users\User\Documents\Sequences\Ventilator Monitor,D:\Room_8_recordings\DATA_24-02-20\Ventilator_Monitor.mp4,C:\Users\User\Documents\Sequences\Monitor,D:\Room_8_recordings\DATA_24-02-20\Monitor.mp4,patdata_for_snJK-91001721_at_2024_02_20_13_15_28,1.0,,,,,0,1,12/31/1899,,,
63,24_02_25,07_45,BS0001,A,0,,1/1/2000,289.81,60.0,E:\General_3\02-25-24_08-07-55.seq,,E:\Cart_LT_4,D:\Room_8_recordings\DATA_24-02-25\CART_LT_4.mp4,E:\Cart_RT_1,D:\Room_8_recordings\DATA_24-02-25\CART_RT_1.mp4,E:\Cart_Center_2,D:\Room_8_recordings\DATA_24-02-25\CART_center_2.mp4,C:\Users\User\Documents\Sequences\Patient Monitor,D:\Room_8_recordings\DATA_24-02-25\Patient_Monitor.mp4,C:\Users\User\Documents\Sequences\Ventilator Monitor,D:\Room_8_recordings\DATA_24-02-25\Ventilator_Monitor.mp4,C:\Users\User\Documents\Sequences\Monitor,D:\Room_8_recordings\DATA_24-02-25\Monitor.mp4,patdata_for_snJK-91001721_at_2024_02_25_13_08_52,1.0,,,,,1,0,,,,
64,24_03_03,07_45,DS0001,A,0,,1/1/2000,290.04,60.0,E:\General_3\03-03-24_11-10-15.seq / E:\General_3\03-03-24_08-04-31.seq,,E:\Cart_LT_4,03-03-24_11-10-15/03-03-24_08-04-31,E:\Cart_RT_1,03-03-24_11-10-15/03-03-24_08-04-31,E:\Cart_Center_2,03-03-24_11-10-15/03-03-24_08-04-31,C:\Users\User\Documents\Sequences\Patient Monitor,03-03-24_11-10-47/03-03-24_08-04-34,C:\Users\User\Documents\Sequences\Ventilator Monitor,03-03-24_11-10-47/03-03-24_08-04-34,C:\Users\User\Documents\Sequences\Monitor,03-03-24_11-10-47/03-03-24_08-04-34,patdata_for_snJK-91001721_at_2024_03_03_14_08_09,1.0,,,,,1,0,,,,
65,24_03_06,11_00,MB2205,R,0,,5/1/2022,22.18,26.94,E:\General_3\03-06-24_11-06-16.seq,,E:\Cart_LT_4,03-06-24_11-06-16,E:\Cart_RT_1,03-06-24_11-06-16,E:\Cart_Center_2,03-06-24_11-06-16,C:\Users\User\Documents\Sequences\Patient Monitor,03-06-24_11-06-18,C:\Users\User\Documents\Sequences\Ventilator Monitor,03-06-24_11-06-18,C:\Users\User\Documents\Sequences\Monitor,03-06-24_11-06-18,patdata_for_snJK-91001721_at_2024_03_06_13_20_29,1.0,,,,,1,0,,,,
66,24_03_11,07_39,SB0001,A,0,,1/1/2000,290.31,60.0,,,,,,,,,,,,,,,,,,,,,1,0,,,,
67,24_03_11,10_00,SB0001,A,0,,1/1/2000,290.31,60.0,,,,,,,,,,,,,,,,,,,,,1,0,,,,
68,24_03_11,12_30,SB0001,A,0,,1/1/2000,290.31,60.0,,,,,,,,,,,,,,,,,,,,,1,0,,,,
69,24_03_13,07_55,AS1901,R,0,,1/1/2019,62.36,66.89,,,,,,,,,,,,,,,,,,,,,1,0,,,,
70,24_04_21,07_55,SB0001,A,0,,1/1/2000,291.65,60.0,,,,,,,,,,,,,,,,,,,,,1,0,,,,
71,24_05_05,07_45,DS2405,R,0,,5/1/2024,0.13,2.92,,,,,,,,,,,,,,,,,,,,,1,0,,,,
72,24_05_06,07_55,OS2302,R,0,,2/1/2023,15.11,17.87,,,,,,,,,,,,,,,,,,,,,1,0,,,,
73,24_05_06,10_20,OS2303,R,0,,3/1/2023,14.19,16.95,,,,,,,,,,,,,,,,,,,,,1,0,,,,
74,24_05_06,12_24,OS2304,R,0,,4/1/2023,13.17,15.93,,,,,,,,,,,,,,,,,,,,,1,0,,,,
75,24_05_12,07_55,FM2009,R,0,,9/1/2020,44.32,46.88,,,,,,,,,,,,,,,,,,,,,1,0,6/13/2023,,,
76,24_06_03,08_10,FM2010,R,1,,10/1/2020,44.06,45.9,,,,,,,,,,,,,,,,,,,,,1,0,6/13/2023,,,
77,24_06_05,07_45,DS2405,R,0,,5/1/2024,1.15,2.92,,,,,,,,,,,,,,,,,,,,,1,0,,,,
